id,name,model_id,group_id/id,operation,domain
purchase_invoice_handoff_purchasing,Invoice handoff purchasing,restaurant.purchase.invoice.handoff,restaurant_core.group_restaurant_purchasing,crud,"[('company_id','in',company_ids)]"
purchase_invoice_handoff_accountant,Invoice handoff accountant,restaurant.purchase.invoice.handoff,restaurant_core.group_restaurant_accountant,ru,"[('company_id','in',company_ids)]"
purchase_invoice_handoff_operations,Invoice handoff operations,restaurant.purchase.invoice.handoff,restaurant_core.group_restaurant_operations_manager,ru,"[('company_id','in',company_ids)]"
purchase_invoice_handoff_owner,Invoice handoff owner,restaurant.purchase.invoice.handoff,restaurant_core.group_restaurant_owner,ru,"[('company_id','in',company_ids)]"
purchase_invoice_handoff_system,Invoice handoff system,restaurant.purchase.invoice.handoff,base.group_system,crud,"[('company_id','in',company_ids)]"
purchase_invoice_handoff_line_purchasing,Invoice handoff line purchasing,restaurant.purchase.invoice.handoff.line,restaurant_core.group_restaurant_purchasing,crud,"[('company_id','in',company_ids)]"
purchase_invoice_handoff_line_accountant,Invoice handoff line accountant,restaurant.purchase.invoice.handoff.line,restaurant_core.group_restaurant_accountant,r,"[('company_id','in',company_ids)]"
purchase_invoice_handoff_line_operations,Invoice handoff line operations,restaurant.purchase.invoice.handoff.line,restaurant_core.group_restaurant_operations_manager,r,"[('company_id','in',company_ids)]"
purchase_invoice_handoff_line_owner,Invoice handoff line owner,restaurant.purchase.invoice.handoff.line,restaurant_core.group_restaurant_owner,r,"[('company_id','in',company_ids)]"
purchase_invoice_handoff_line_system,Invoice handoff line system,restaurant.purchase.invoice.handoff.line,base.group_system,crud,"[('company_id','in',company_ids)]"
purchase_order_accountant_read,Purchase order accountant read,purchase.order,restaurant_core.group_restaurant_accountant,r,"[('company_id','in',company_ids)]"
purchase_order_line_accountant_read,Purchase order line accountant read,purchase.order.line,restaurant_core.group_restaurant_accountant,r,"[('company_id','in',company_ids)]"
daily_sales_accountant,Daily sales accounting accountant,restaurant.accounting.daily.sales,restaurant_core.group_restaurant_accountant,ru,"[('company_id','in',company_ids)]"
daily_sales_operations,Daily sales accounting operations,restaurant.accounting.daily.sales,restaurant_core.group_restaurant_operations_manager,r,"[('company_id','in',company_ids)]"
daily_sales_owner,Daily sales accounting owner,restaurant.accounting.daily.sales,restaurant_core.group_restaurant_owner,r,"[('company_id','in',company_ids)]"
daily_sales_system,Daily sales accounting system,restaurant.accounting.daily.sales,base.group_system,crud,"[('company_id','in',company_ids)]"
daily_closing_accountant_read,Daily closing accountant read,restaurant.daily.closing,restaurant_core.group_restaurant_accountant,r,"[('company_id','in',company_ids)]"
accounting_period_accountant,Monthly accounting close accountant,restaurant.accounting.period.close,restaurant_core.group_restaurant_accountant,crud,"[('company_id','in',company_ids)]"
accounting_period_operations,Monthly accounting close operations,restaurant.accounting.period.close,restaurant_core.group_restaurant_operations_manager,r,"[('company_id','in',company_ids)]"
accounting_period_owner,Monthly accounting close owner,restaurant.accounting.period.close,restaurant_core.group_restaurant_owner,ru,"[('company_id','in',company_ids)]"
accounting_period_system,Monthly accounting close system,restaurant.accounting.period.close,base.group_system,crud,"[('company_id','in',company_ids)]"
management_dashboard_operations,Management control operations,restaurant.management.dashboard,restaurant_core.group_restaurant_operations_manager,cru,"[('user_id','=',user.id),('company_id','in',company_ids)]"
management_dashboard_owner,Management control owner,restaurant.management.dashboard,restaurant_core.group_restaurant_owner,cru,"[('user_id','=',user.id),('company_id','in',company_ids)]"
management_dashboard_system,Management control system,restaurant.management.dashboard,base.group_system,crud,"[('company_id','in',company_ids)]"
